<?xml version="1.0" encoding="UTF-8" standalone="no"?>
<configuration>
    <feature automatic="selected" name="Module"/>
    <feature automatic="selected" name="Radar"/>
    <feature manual="selected" name="SpinningRadar"/>
    <feature automatic="unselected" name="MouseRadar"/>
    <feature automatic="selected" name="Targeting"/>
    <feature manual="selected" name="HeadOnTargeting"/>
    <feature automatic="unselected" name="LinearTargeting"/>
    <feature automatic="unselected" name="MouseTargeting"/>
    <feature automatic="selected" name="Movement"/>
    <feature manual="selected" name="NoMovement"/>
    <feature automatic="unselected" name="KeyboardMovement"/>
    <feature automatic="selected" name="SelectEnemy"/>
    <feature automatic="unselected" name="WeakestSelectEnemy"/>
    <feature automatic="unselected" name="StrongestSelectEnemy"/>
    <feature manual="selected" name="ClosestSelectEnemy"/>
    <feature automatic="selected" name="Gun"/>
    <feature manual="selected" name="MaximumPowerGun"/>
    <feature automatic="unselected" name="NoFireGun"/>
    <feature automatic="unselected" name="MouseClickGun"/>
</configuration>
