<?xml version="1.0" encoding="UTF-8" standalone="no"?>
<configuration>
	<feature automatic="selected" name="Module"/>
	<feature automatic="selected" name="Radar"/>
	<feature automatic="unselected" name="SpinningRadar"/>
	<feature manual="selected" name="MouseRadar"/>
	<feature automatic="selected" name="Targeting"/>
	<feature automatic="unselected" name="HeadOnTargeting"/>
	<feature automatic="unselected" name="LinearTargeting"/>
	<feature manual="selected" name="MouseTargeting"/>
	<feature automatic="selected" name="Movement"/>
	<feature automatic="unselected" name="NoMovement"/>
	<feature manual="selected" name="KeyboardMovement"/>
	<feature automatic="unselected" name="AutoMovement"/>
	<feature automatic="unselected" name="Cornering"/>
	<feature automatic="unselected" name="Line"/>
	<feature automatic="selected" name="SelectEnemy"/>
	<feature automatic="unselected" name="WeakestSelectEnemy"/>
	<feature automatic="unselected" name="StrongestSelectEnemy"/>
	<feature manual="selected" name="ClosestSelectEnemy"/>
	<feature automatic="selected" name="Gun"/>
	<feature manual="selected" name="MaximumPowerGun"/>
	<feature automatic="unselected" name="NoFireGun"/>
	<feature automatic="unselected" name="MouseClickGun"/>
</configuration>
